keyword,category,status
一人暮らし 洗濯機 コンパクト,家電,published:2026-09-01
一人暮らし 冷蔵庫 おすすめ,家電,published:2026-09-01
電気ケトル おすすめ 一人暮らし,キッチン家電,pending
ロボット掃除機 一人暮らし 狭い部屋,家電,pending
ふとん乾燥機 コンパクト,家電,pending
突っ張り棒 収納 アイデア,収納,pending
シーリングライト リモコン おすすめ,照明,pending
布団収納袋 圧縮,収納,pending
ワイヤレス充電器 おすすめ 一人暮らし,ガジェット,pending
ハンディファン 静音 おすすめ,ガジェット,pending
加湿器 卓上 小型,家電,pending
電気毛布 一人用 おすすめ,家電,pending
コーヒーメーカー 一人用 コンパクト,キッチン家電,pending
タオルウォーマー おすすめ,家電,pending
スチームアイロン コンパクト 収納,家電,pending
デスクライト おしゃれ 一人暮らし,照明,pending
収納ボックス 押入れ 奥行き,収納,pending
電気圧力鍋 一人用,キッチン家電,pending
遮光カーテン 一人暮らし おすすめ,インテリア,pending
折りたたみ電子レンジ台,収納,pending
